{"accuracy": [0.5684472322463989, 0.8473575711250305, 0.9097659587860107, 0.9376200437545776, 0.9540650248527527, 0.9630272388458252, 0.970339298248291, 0.9756739735603333, 0.9799559116363525, 0.9805249571800232], "loss": [1.4742732048034668, 0.47900328040122986, 0.2786594331264496, 0.19285495579242706, 0.1395871937274933, 0.11431997269392014, 0.08855018019676208, 0.07572180032730103, 0.06306328624486923, 0.058586955070495605], "val_accuracy": [0.8400295972824097, 0.9030275344848633, 0.9227748513221741, 0.9408149123191833, 0.9535624980926514, 0.9387662410736084, 0.9442863464355469, 0.9573184847831726, 0.9674482345581055, 0.9714318513870239], "val_loss": [0.5030542016029358, 0.29751142859458923, 0.24239696562290192, 0.1911555677652359, 0.1495611071586609, 0.19755205512046814, 0.1721094399690628, 0.144563227891922, 0.1083948165178299, 0.09913723915815353]}